,0,1,2,3,4,5,6,7,8,9,10,11,12,13,14,15,16,17,18,19
1,ichbinsophiescholl,0003,reist,renée,reneesintenis,remppis,remilitarisierung,religiös,rektor,rekrutenausbildung,rekonstruierbar,reizen,reisevorbereitungen,requests,reiseroute,reisepläne,reisenden,reisen,reiselust,reisegefährtin
2,ichbinsophiescholl,0003,reist,renée,reneesintenis,remppis,remilitarisierung,religiös,rektor,rekrutenausbildung,rekonstruierbar,reizen,reisevorbereitungen,requests,reiseroute,reisepläne,reisenden,reisen,reiselust,reisegefährtin
3,ichbinsophiescholl,0003,reist,renée,reneesintenis,remppis,remilitarisierung,religiös,rektor,rekrutenausbildung,rekonstruierbar,reizen,reisevorbereitungen,requests,reiseroute,reisepläne,reisenden,reisen,reiselust,reisegefährtin
4,inge,bett,gute,schwester,große,mirabellenkuchen,verfüttert,harmoniemonster,bibbernd,gekrochen,hübsche,umgekehrt,maus,geschrien,eher,richtiges,beschützerin,häufchen,vernünftig,sag
5,fritz,vaterland,iller,grimassen,offizier,auftauchen,berühren,fremd,untergehen,wärme,einfache,wisst,sehnsucht,spüre,schneiden,wasser,fürs,mitten,ach,ostfront
6,bruder,leuchtturm,große,suse,vera,klarheit,funken,unfassbarer,gewissenhafter,bann,weite,verfallen,brandblasen,gertrud,lippen,sprüht,hanna,vorbild,hans,fängt
7,philosophiestudentin,stecke,landschaft,biologiestudentin,wehen,geöffneten,wind,sophiescholl,fenster,haare,gehts,diegedankensindfrei,studentin,sitzt,schaut,zug,fest,los,endlich,ulm
8,ankommen,aufgeregt,klugen,fassen,freitag,studentin,schönen,erstmal,bruder,los,geschwisterliebe,uni,endlich,gar,wirklich,geht,münchen,hans,ichbinsophiescholl,remppis
9,volkes,cicero,wohl,gesetz,gestochen,textstelle,chaotischem,lex,oberstes,publica,suprema,saluspublicasupremalex,salus,schreibtisch,sorgt,sophiescholl,auge,politik,welt,besonders
10,brezel,biologie,philosophie,unendlichkeitszeichen,brüderchen,antike,erkunde,zahlreicher,ausgelöst,gegenstand,fach,unendlichkeit,gedanklich,semesterstart,assoziationen,studienfächer,vorbereiten,debatten,erstsemester,erklären
11,illustration,mondnacht,versteh,vorletztes,stört,berufsoffizier,magnet,störts,anzieht,gegrinst,gegnerin,skiurlaub,hochalmpass,chemisches,alleininmünchen,ohren,runter,nachdenke,zeilen,irgendwas
12,gericht,damals,mann,hans,nie,angeblicher,rumschlagen,paragraphen,schwierig,halbes,175,fallengelassen,sexueller,hats,paragraph175,zugegeben,verdammten,jünger,angeklagt,thema
13,tag,ludwigmaximilianuniversität,neuefreunde,typ,interessanter,erstsemester,vorteil,ersti,nette,scheinbar,treffe,erster,gedacht,sehe,leute,hoffe,irgendwie,uni,beiden,ersten
14,schicksal,vergessen,lebensgefahr,wünschen,gerechten,spaziergänge,niewieder,menschen,reich,erwarten,momenten,ändert,ausflüge,gebe,unbeschwert,sieg,konzerte,egoistisch,hoffen,krieg
15,studentin,geburtstag,desinfektionsmittel,geburtstagspaket,butter,überraschungsgeburtstagspaket,propagandazeitung,auspacken,packt,läusekamm,mama,schätze,honigbrot,befinden,stück,richtige,erster,darin,lieb,dabei
16,tanzen,liebe,geburtstagskind,zusehen,swing,ausgelassen,freudig,musik,niemand,sophie,bildbeschreibung,hans,ichbinsophiescholl,rekonstruierbar,remilitarisierung,remppis,rektor,reneesintenis,rekrutenausbildung,religiös
17,verbrennt,bücher,glück,joseph,erich,anna,tragödie,zugeschaut,heines,seghers,kästner,keun,bücherverbrennungen,bücherverbrennung,aufgeben,1821,gänsehaut,sicht,autorinnen,deutscheliteratur
18,propaganda,illustration,großem,pah,wuchs,blauäugig,kräftig,nordischen,langschädlich,langschädel,blond,herrenmenschen,wissenschaft,phantasievoll,menschenverachtende,langschädlichkeit,sagte,lustig,drüber,biologie
19,kant,wütend,niemand,immerzu,entstammt,preußentum,philosophischen,immanuel,immanuelkant,arier,philosophinnen,negativer,geistigen,rassenkunde,aufklärer,härte,grundzügen,inshandelnkommen,philo,feder
20,hausmittel,schuhe,lederschuhe,bürsten,handcreme,sauberer,saubere,polieren,essigwasser,säubern,hausmitteln,schick,putzt,schuheputzen,tricks,trick17,jemals,schwarze,putzen,geist
21,rauf,periode,runter,traute,freundschaft,sezieren,toll,fisch,innereien,selbstloser,faszination,soo,gezuckt,auslösen,enttäuscht,menschen,königin,durften,thema,tieren
22,augsburg,mussten,leicht,nacht,schön,zusammen,frommer,rezeption,verlobungsringe,fernbeziehung,1941,vornehmen,probleme,momenten,extra,hotel,wahren,schein,esistkompliziert,zuvor
23,typen,kennt,debattier,intensiv,trinkend,zuhörende,gestikulierende,vortragende,starrende,unbeeindruckt,debattieren,rauchend,wild,besonnen,diskutieren,schmorell,alexander,wohnzimmer,probst,sitzen
24,tiere,manchmal,schlechten,betrachten,teilnehmen,kämpften,hautkrankheit,diskussion,grunde,erde,ums,überleben,seien,menschheit,getan,schlimmer,schlecht,meint,versucht,welt
25,stolz,vorwerfen,abscheulichkeiten,1934,vergangen,erkunden,kompass,selbstreflexion,verdrängt,volkstänze,ignoriert,reingepasst,hemden,heimabend,heimabenden,winteruniform,uniformen,geboten,sophie,verbindung
26,unistart,ordner,gewonnen,geistreiche,mürrische,unwissenschaftliche,woche,erfahre,ruhige,theorien,debatten,vorgestellt,biologievorlesung,plänen,studierende,zumindest,großen,nächste,freundin,hoffe
27,politik,sollen,denken,frauen,irreleiten,unweiblich,gebrauche,zugetraut,hirn,betrifft,mitleid,unmittelbar,beschäftigen,leib,vielleicht,zuerst,kümmern,eigenen,gefühle,fühlen
28,verrate,vergesse,freien,stücken,erwachsener,versteht,zuvor,ganz,krieg,kurzen,soldat,nah,moment,vergessen,tut,sieht,irgendwie,niemand,liebe,illustration
29,uniform,sitzt,widerspricht,kreischend,esistkompliziert,woran,vermissen,jemanden,neben,bleibt,liebe,glaube,gerade,ichbinsophiescholl,rekrutenausbildung,rektor,religiös,rekonstruierbar,remilitarisierung,reizen
30,worte,struwwelpeter,starkergeistweichesherz,bedeuten,versinke,köpfen,hanns,tagträumen,dürstet,guck,starker,maritain,weiches,jacquesmaritain,erinnere,büchern,die,fremden,in,jemals
31,opferbereitschaft,drecksblatt,lese,schlecht,propaganda,soldaten,unserer,gedanken,fritz,krieg,schon,ichbinsophiescholl,reisevorbereitungen,remilitarisierung,richtung,religiös,rektor,rekrutenausbildung,rekonstruierbar,reizen
32,mögen,gedankenwelt,reich,gebrauchen,guten,trotz,finde,leben,menschen,gut,ichbinsophiescholl,remilitarisierung,reneesintenis,religiös,renée,reparieren,remppis,0003,rektor,rekonstruierbar
33,neue,konzentriere,schiebe,verunsichert,überraschungen,zusammenbleiben,kurze,wochenrückblick,besuch,seite,erstmal,soldaten,gedanken,uni,wissen,schön,endlich,meinewoche,macht,woche
34,mitkriegen,nerve,betritt,trinken,rauchen,tee,wohnzimmer,sitzen,gemeinsam,geschwisterliebe,kleine,schwester,einfach,sophie,alex,hans,ichbinsophiescholl,rekonstruierbar,rekrutenausbildung,rektor
35,säuglinge,betreut,erhobenem,zeigefinger,selbstständig,kluge,keinkindmehr,dummheiten,kindergärtnerin,entscheidungen,beschützen,21,mach,ausbildung,na,männer,vielen,19,gleichzeitig,glaubt
36,weiße,verbannten,revolution,rosa,französischen,stoßen,fahnen,blanca,brentanos,adligen,symbol,rose,inspiriert,heimlichtuerei,großes,die,seht,guckt,vorhaben,genannt
37,bewirken,heimlichtuerei,erleichtert,froh,christoph,ende,gehen,traute,endlich,zusammen,meinewoche,alex,widerstand,hans,ichbinsophiescholl,reparieren,renée,reneesintenis,remppis,reiselust
38,helferin,freiwillig,wehrmacht,kriegshilfsdienstpflicht,propagandafilmen,verachte,reicharbeitsdienst,verabscheue,flimmert,leinwand,kriegshilfsdienst,loszueisen,kinosaal,bestes,film,angesprochen,bund,melden,mädel,letztes
39,außen,nassen,waschbecken,wäscht,maritains,weich,sichtbar,jacques,jacquesmaritain,spüre,worten,gesicht,haare,hart,sehe,fährt,geist,herz,schaut,bleibt
40,lächle,direkte,buabmädle,frisiere,widersetzen,söflinger,fotograf,schminke,studentenausweis,bezeichnet,urteilen,zufrieden,begegnen,passfoto,aussehen,bdm,foto,art,haare,echt
41,natur,allerliebsten,zelt,leiht,sommernacht,notwendigen,düsteres,erfülle,naturliebhaber,errichten,übernachten,inmitten,zelten,remppis,lagerfeuer,schönsten,gefragt,schlaf,müsste,getan
42,ausflug,hitzigen,witzige,diskussionen,lagerfeuer,warm,momente,zeichnung,freue,schöne,denke,illustration,edith_carron,alex,ganz,ichbinsophiescholl,remppis,requests,reparieren,reisenden
43,stärker,wichtigen,kriegen,zuvor,je,angekommen,geworden,dinge,frei,freue,tagen,kopf,natur,letzten,endlich,meinewoche,zeit,alex,widerstand,hans
44,konnte,begleitung,übermütig,großartige,bergauf,bergab,fuhr,radweg,arbeitsstrecke,außenstelle,leiden,verteilt,regeln,stunde,bauernhof,überall,erinnert,ausflug,rad,wald
45,gerüche,unappetitliche,kalbs,miterlebt,bauernhofs,kuhdung,besonderes,kühe,kühen,sepia,duft,überdeckt,landluft,geburt,genieße,eben,letztes,recht,videoaufnahmen,sache
46,augen,lange,höhle,zeugnis,porträtzeichnen,annelieses,annlis,schmale,halb,wesen,gebirge,unterricht,oben,tier,angesehen,gelernt,verbergen,gesichter,gehören,schluss
47,seeufer,kindsköpfe,bewerfen,steinen,intellektuellen,beobachten,alex,gegenseitig,brüder,draußen,miteinander,zeigen,spaß,sitzen,hans,beiden,kinder,fast,text,endlich
48,affäre,jugoslawin,amsterdam,aufgenommen,schwärmt,vielleicht,gefällt,gelassen,fritz,begonnen,damals,freuen,schlecht,drei,denkt,darüber,sogar,fühle,jahren,frau
49,sehe,traum,tieferen,fliege,aufzeichne,lüfte,traumdeutung,sinn,jemand,helfen,dachte,warum,illustration,edith_carron,alex,hans,ichbinsophiescholl,remppis,rekonstruierbar,remilitarisierung
50,natur,dachte,kraft,zurückgeben,grausamkeiten,fahrradausflug,saß,schreibtisch,schönsten,zusammenschnitt,gemeinsamen,momente,leicht,all,vergessen,alex,sophie,bildbeschreibung,krieg,münchen
51,dämpfer,gelassenheit,bäume,übertragen,leichten,versetzt,gebraucht,leise,ausflug,wusste,vorher,gedacht,sache,ganzen,natürlich,gott,dabei,meinewoche,alex,schon
52,austausche,entfernen,ertragen,optimismus,theorien,lerne,woher,nationalsozialistischen,zweifel,erwartet,lese,muths,studentin,vorlesungen,plötzlich,bücher,dachte,christoph,warum,kam
53,versuche,perspektive,formulierung,heranzukommen,aufgabengebiete,aufgeteilt,texte,schwerer,offiziell,kaffee,echten,gebrauchen,umschläge,gleichzeitig,unterstützen,dachte,papier,arbeiten,kommen,dabei
54,vorlage,handkurbelgerät,vervielfältiger,drucke,rausnehmen,gekonnt,befestigen,kopie,auftragen,aufnehmen,einfacher,holzrahmen,größeres,zuklappen,sogehts,schreibmaschine,gerät,einlegen,funktioniert,druckfarbe
55,fischaugen,hakenkreuzbinden,mäusen,besprochen,flossen,sezierten,interessanter,eingeschlafen,absurd,biologievorlesung,geträumt,biologie,traum,atelier,gestern,illustration,edith_carron,lange,ichbinsophiescholl,religiös
56,hochland,muth,ideologie,logisch,carlmuth,kulturzeitschrift,zurückzuweisen,ausgaben,katholische,nationalsozialistische,kollegen,verpflichtet,gewachsen,verboten,gegründet,zeitschrift,kennengelernt,aufgabe,mitgebracht,allein
57,abwesend,vorkomnisse,zweifle,weitergekommen,vergangene,wirken,konzentrieren,hart,wegen,kaum,meinewoche,wirklich,woche,alex,mal,ganz,hans,ichbinsophiescholl,reiselust,reist
58,nachrichten,zeitung,widerwärtige,sender,verfolge,radio,frankfurter,wege,gespannt,blatt,haus,berichtet,hören,lesen,seitdem,dank,passiert,sei,gott,kommen
59,briefe,allem,hm,seltsamen,postweg,vielleicht,vermissen,passfoto,vermisse,spürt,irgendwann,gutes,ausflug,schreibe,beziehung,wenigstens,berichtet,russland,trotz,denen
60,rad,herrenrad,höchsteigenes,scheune,wegfahren,sonntags,losschicken,arg,gebettelt,erweicht,straßenbahn,möge,geliehen,fahrrad,egoistisch,verlieren,ichs,briefen,geld,nachricht
61,sintenis,frauenbild,reneesintenis,wahnsinniger,rückhalt,bildhauerin,renée,zwängen,familie,abgebrochen,passieren,bewundernswert,schwung,kontakt,familienmotto,eigenen,wirken,gewalten,trutz,werke
62,krieg,fast,flug,belustigt,kontrollflugs,abscheulichen,erlebnis,notlandung,einziger,irrsinn,blöden,locker,erkennen,schaffen,berichtet,gegangen,flugblättern,wär,wegen,ende
63,harmonie,ton,vollkommen,platz,sees,schilf,drumherum,zeitraffer,weiß,mehr,philosophie,text,bild,bildbeschreibung,ichbinsophiescholl,religiös,remilitarisierung,rektor,remppis,0003
64,frieß,else,verehre,beigetragen,schulzeiten,faul,biologielehrerin,brieffreundin,zeichenblock,fällt,wänden,lehrerin,frech,wüsste,erkannt,eingesperrt,see,leichter,porträt,gelungen
65,traurigen,euphorisch,bekomme,seltsam,ging,begonnen,stimmung,mut,ende,zurück,meinewoche,woche,ganz,ichbinsophiescholl,reneesintenis,rektor,remppis,renée,remilitarisierung,religiös
66,kartoffelkäfer,gerücht,sollen,ernte,verderben,bunten,ausschau,kreaturen,missbraucht,hässliches,geschöpfe,feldern,dran,eingesetzt,gegner,krieg,akg,images,halten,schönen
67,köln,dok,sz,photo,bombenangriff,ns,irma,mitgebracht,bilder,worte,schrecklich,unglaublich,finde,bildquelle,gerade,ichbinsophiescholl,redete,remilitarisierung,resten,rest
68,fotos,lagern,gezwungen,frau,wegzuschaffen,stundenlang,privilegien,flüchten,leichen,wozu,liebeskummer,trümmern,austauscht,behütet,verletzte,ausflüge,verschwinden,niemandem,köln,heil
69,niemand,illustration,schwingt,flügel,waswärewenn,gelb,eule,schwarzen,mitmachen,soldaten,einfach,edith_carron,mehr,ichbinsophiescholl,reiseroute,religiös,rektor,rekrutenausbildung,rekonstruierbar,reizen
70,rüstungsdienst,verweigere,lebt,monaten,verlassen,komme,bleiben,uni,gleich,meinewoche,geht,widerstand,münchen,ichbinsophiescholl,reisevorbereitungen,rekrutenausbildung,reise,remilitarisierung,religiös,reisenden
71,tagebuch,schmerzen,leere,lieber,schmerz,fühlen,eigentliches,niederzuschreiben,durst,aufbäumen,emfindungsloses,dahinleben,unerträglich,brennenden,benutze,klappt,führt,dagegen,gefühle,näher
72,paula,modersohn,beckers,museum,kunst,werke,bilder,gesehen,kaufmann,gerichtet,malerin,lieblingskünstlerinnen,becker,künstler,bremen,roselius,ludwig,firma,entkoffeinierten,kunstausstellung
73,zeichnen,schlafmittel,lauter,schäfchen,zeichnet,bestes,kann,zeitraffer,tricks,abends,einschlafen,blatt,sophies,ruhe,hand,schlafen,papier,mache,sorgen,text
74,visum,reisen,schweiz,irma,anhalter,per,zehren,ausgebrochen,urlaube,gemälden,visumspflicht,räder,verreisen,papiere,verwandten,fahrerin,herauszufinden,beantragen,lavendelfelder,gerettet
75,dozent,huber,lmu,inspirierend,aufmerksamen,volksliedkunde,versteckten,professoren,lehrt,zurückgehalten,botschaften,ausgelastet,ichbinsophieschol,tarnt,diskussionsrunde,entschlüsseln,unsicher,klug,musikpsychologie,gegner
76,professor,spannend,rausgekommen,traue,nachdenken,diskussionsrunde,fand,statt,diskutieren,muth,sagen,kopf,hoffe,huber,hätte,bald,meinewoche,gar,woche,mal
77,wochen,neuefreundschaft,gewachsen,gottes,nachgeschaut,semesterferien,fremde,verabschieden,kennengelernt,hoffen,erhalten,ans,namen,vorher,wiedersehen,10,herz,bleiben,schnell,nie
78,schläfchen,zwiebeln,kartoffeln,kochen,dabei,macht,servieren,absicht,schnippeln,weltberühmte,spachteln,anbraten,bratkartoffeln,gekochte,geschälte,ausgelacht,kokelkartoffeln,angekokelt,kocht,vortag
79,unbeschwert,foto,lustvoll,oll,unbeschwertesten,erwidern,ichbinsophiesch,schatzkiste,familie,weimar,guckt,zuvor,lustig,ichs,wochenende,gefühlt,gefallen,vorher,gesagt,gefunden
80,ostfront,karte,briefkasten,ausweg,verladen,sanitätsdienst,woche,hans,sanitäter,widerstand,gleiche,suchen,klingt,durchatmen,studentenkompanie,schaffen,schafft,suche,schreckliche,bevor
81,gestern,ers,verdrängen,botschaft,fokussiert,gerissen,überbracht,witze,schlimme,übel,alex,gegensatz,erstaunlich,gut,wollten,ganz,foto,konzentrieren,stimmung,wichtig
82,beethoven,musik,seenlandschaften,gewalt,umwühlt,zurücklässt,beackerten,durchpflügt,beethoven9,naturaufnahmen,angemacht,bäumen,gebraucht,still,boden,seele,diskutieren,pause,schafft,lesen
83,beziehung,gedanken,wissen,fremder,aushalten,widerstand,grüßen,soldat,gefährlich,ostfront,schreiben,wär,darf,macht,weiß,fritz,ichbinsophiescholl,reisevorbereitungen,reisenden,reparieren
84,bestimmten,duft,erinnerungen,erinnern,zeit,widerstand,blütenähnlicher,dufts,bestimmtes,zarte,hauch,kindergarten,letztens,kinderhaut,bestimmte,chrisophs,feuchter,praktikantin,entstaubt,vincents
85,angst,fritz,gänzlich,ängstlich,verkraften,schaden,überdeckt,licht,widerstand,leise,spüren,beziehung,ans,mich,geist,denke,liebe,kommt,leben,geht
86,unbeschadet,ändert,semesterferien,verbringt,beten,wiedersehen,wochen,meinewoche,mal,münchen,ichbinsophiescholl,religiös,rektor,rekrutenausbildung,rekonstruierbar,remilitarisierung,remppis,reizen,0003,reisevorbereitungen
87,papier,geldbeutel,schreibwaren,schreibwarenladen,mäppchen,papierknappheit,scheitern,angebrochen,abreisen,knapp,unsicher,vieles,sonntag,platz,schaffen,freitag,erstmal,brauchen,mache,fahren
88,poststempel,umschläge,gestapo,schwieriger,wirds,einzuwerfen,unterschiedliche,briefmarkenbögen,überlegt,aufmerksamkeit,abschicken,problem,getragen,reicht,verschiedenen,städten,plan,ziehen,besorgen,leicht
89,dostojewski,berdjajew,bücher,bewundere,irgendwelche,nikolai,unausstehlichen,inspirationsquellen,abschiedsschmerz,fjodor,sorgsam,einpackt,hans,befehl,heimatland,größten,schließen,abschied,werke,geschafft
90,haecker,autoren,muths,bücher,dürfen,geschrieben,theodorhaecker,mitzunehmen,steigern,überprüfen,enger,zuteil,gewaltige,sprach,these,erscheinung,ehre,ausgesucht,buchtipp,sammlung
91,widerstand,vorliebe,schenkt,schließe,hielt,gesellschaftlichen,normen,tiefgründigen,stets,erfahre,verbotene,geändert,entartete,sophie,verbindung,musizieren,gesprächen,lebens,11,verschiedene
92,beschützerrolle,eigenes,beschützer,versprechen,sorgt,übernommen,schicksal,inges,besorgt,abschied,meisten,augen,daran,sieht,denke,geschwister,gefühl,bestimmt,sorgen,denken
93,traurig,gefühl,kam,außenseiterin,mitspielen,seltsames,ausgeschaltet,ostbahnhof,nettes,schöneres,erscheinen,beinah,film,gehören,verabschieden,sah,schmerz,versteht,uniform,abschied
94,studentenkompanie,monate,ostfront,bleibt,zeit,abgeleistet,medizinstudentinnen,truppentransport,famulatur,praktikum,verdauen,frontfamulatur,sprachen,feldwebel,harlaching,passiven,warschau,krankenhaus,moskau,sanitäter
95,packen,dazwischen,platzsparende,gerollte,nahaufnahmen,methode,kleidungsstücke,koffers,trick17,schablone,ordnung,gepackt,beigebracht,sekunde,gelegt,letzter,passt,vervielfältiger,endlich,fritz
96,zurück,allzu,umbruch,vermissen,sitze,12,münchen,zug,unglaublich,oh,bleiben,hoffentlich,weiße,wochen,bald,lange,meinewoche,leben,rose,ulm
97,schaue,ulm,kaffee,echten,geträumt,kurzen,moment,traum,dachte,sogar,dank,sei,morgen,gott,weißen,hätte,gibt,rose,familie,mutter
98,gestapo,werner,durchsucht,inge,nachbarn,gebracht,hause,wurden,wer,gefängnis,lastwagen,feinde,stuttgarter,weiblich,dachten,örtliche,antwort,bekannt,bündischen,offenen
99,christoph,alex,probst,offenste,einstieg,bester,familienvater,kriegskritischen,zweifacher,freundlichste,hans,familie,christl,elternhaus,christophprobst,locker,mitgliedern,stammt,mensch,studentenkompanie
100,mutter,jahre,später,geschichte,nie,schwester,schmeckts,schnulzigen,flädlesuppe,diakonisse,pflegende,trug,altersunterschied,reinlegen,futter,mutters,nannten,fortschrittlich,diakonissin,roman
101,gebet,gott,robert,scholl,abendbrottisch,angenommen,beneide,geliebt,gedeckten,zeichen,klingt,darum,versteht,albern,lina,wünsche,suche,jemand,sprechen,spricht
102,anklage,durchs,frei,vater,sagt,gestapo,gehen,leben,tasse,sondergericht,mitbekommen,wenns,akten,kanzlei,abwartenundteetrinken,umgehen,ordnet,geäußert,würdet,hats
103,auftragsarbeit,künstlerin,illustration,hätte,auftrag,gucke,befriedigend,zeichnungen,projekt,befüllen,skizzenheft,fern,allererste,wirklichkeit,übersetzt,wand,nägele,englische,hanspeter,illustriert
104,sophie,erwachsen,nein,eltern,schwester,große,pimpf,stell,kämen,aufforderung,wasch,winziges,kleinkind,hände,geh,steh,hilf,großeschwester,schuhe,erkannt
105,traurigkeit,lust,wange,streicht,haut,pfff,schwanke,schlafenden,werd,sanft,vibrieren,fingerspitzen,sentimentaler,ansehe,anfühlt,riechen,spüren,quatsch,fritz,albern
106,kehrwoche,geschwister,aufgezogen,necken,vorbildlichkeit,sonderbar,blöden,tanzt,putzen,inge,freudig,wohnzimmer,scholls,musik,tanzen,ganzen,wohnung,gestern,zusammen,tag
107,langweile,allerlei,necke,schwere,genießen,müsste,krieges,kind,vorbei,dinge,komme,sagen,wär,ganzen,zimmer,denke,erste,front,werner,fast
108,the,it,english,from,we,to,german,englisch,week,that,my,doing,igtvs,just,and,now,protest,elisabeth,letter,wrote
109,rüstung,fabrik,sicher,constantin,fertigen,fertigung,rauch,entsetzlich,august,gebraucht,entscheidung,schrauben,schraubenfabrik,verbündete,ganz,dienst,krieg,24,namen,ulmer
110,orten,städten,flugblätter,vervielfältige,süddeutschlandkarte,nützlich,wohnen,pläne,verteilen,finde,gibt,menschen,weißerose,mehr,ichbinsophiescholl,religiös,rektor,remilitarisierung,rekonstruierbar,rekrutenausbildung
111,zeichnung,fritz,skizze,schicken,bekommen,illustration,mittag,selbstporträt,durchdringender,zweieinhalb,prinzessin,berufssoldaten,erwähnen,stolzen,ballerina,station,schicke,kreisen,verpflichtet,nennt
112,blockwart,nachbar,klüger,park,siedlung,begegnung,bezeichnung,nachbarin,ernannt,zellenleiter,horcht,blockleiter,hof,partei,nsdap,offiziell,ganz,leutenberg,einzige,sitze
113,stillstand,rückschritt,vater,worte,verspreche,seelenverwandt,seelenverwandte,begleiten,schlimmsten,einander,todunglücklich,saß,lager,holen,satz,rad,tochter,bedeutet,stimmung,kleinen
114,geduld,hitler,hitlerplakat,kinderzimmerwand,loblieder,dekorierte,gesungen,unbeugsam,unmenschlich,regiert,verabscheut,angefühlt,vater,partei,bereitet,klavier,robertscholl,wütend,fünf,land
115,seuche,satz,februar,gefängnis,untergau,zugrunde,büro,richten,angestellte,führerin,angestellten,erschienen,verhör,gottesgeißel,arbeitet,vertraut,menschheit,wusste,robertscholl,recht
116,traurige,arrangieren,wohnsituation,gewissheit,schraubenfabrik,einzigen,stehe,satz,beziehung,monate,alten,schlecht,neuen,wegen,gefängnis,erst,tag,bald,meinewoche,gar
117,leutenberg,nachbar,wär,arbeit,passiert,körperliche,befürchten,gefängnisstrafe,erntedienst,herein,gemustert,betitelt,treppenabsatz,höllisch,traktoren,funktionär,begegnet,argwöhnisch,nähmaschinen,getaugt
118,kartoffelernte,kartoffelfeuer,früher,nationalsozialisten,feiertag,bloße,ideologieverbreitung,erntedankfest,spektakel,hungern,verblasst,massenveranstaltungen,ruß,gigantischen,schälen,asche,reichserntedankfest,kartoffelkraut,ekelt,solange
119,fabrik,arbeitsdienst,wurde,arisiert,munitionsteile,umher,verweigern,weigern,produziert,gehörte,munitionsfabrik,arbeitskraft,mitschuldig,mitschuld,enteignet,raum,antrete,besitzer,helfe,pflicht
120,hose,kleidung,dietrich,marlene,schrecklich,mal,inge,neue,ersten,schön,hosenanzügen,leuchtend,unitag,1930,hosen,blaue,schauspielerin,vorgelesen,vorgenommen,städtisch
121,traute,längsten,kleidungsstil,intelligent,allerschönsten,hamburgerin,schreibstil,mitzumachen,schnauze,echte,konfrontiert,musst,widerstand,besteht,erkannt,hamburger,müsste,höre,trautelafrenz,verschiedene
122,inge,uralte,liebe,zwiste,geburtstagskuchen,pustet,ehrentag,kerze,freut,25,lächelt,bringt,liest,ingescholl,vorstellen,kleinen,geburtstag,beste,trotz,schaut
123,geburtstage,geburtstagsbriefe,schwesterchens,rituale,sehnsüchtig,eigenwilligen,anwesenheit,wartet,aufgaben,geschenk,feste,ankommen,dahin,feiert,fahrt,inge,lieb,freuen,ingescholl,zeigen
124,romantik,brief,matschig,drum,artemowsk,zelte,knien,erstaunlicher,datiert,vorgerückt,rührt,sentimentale,durcheinander,aufzuschlagen,durchgängig,bildlich,ukraine,marsch,geschreibe,100km
125,passierts,träums,herbei,ereignissen,erscheinen,zeichenblock,grammophon,illustriert,träume,riesigen,animierte,zeigt,entfernt,egal,freudig,mitglieder,monaten,animation,wiedersehen,freundschaft
126,ulm,forchtenberg,zuhause,familie,kindheit,verankert,geantwortet,fassaden,schmuckvollen,kommst,großteil,brunnen,archivaufnahmen,kirchen,größer,kehren,bekannter,weltkriegs,münster,gebe
127,verbündete,pfarrer,hirzel,glücklich,hansi,gemeinde,fröhlich,potenzielle,lächelt,tanzt,erzähle,ausgelassen,vorsichtig,flugblättern,meint,tanzen,kamera,gefunden,froh,zimmer
128,pfarrer,hirzel,spendensammeln,eingeladen,fanden,geäußert,meinung,erntedank,geärgert,25,ichs,gefeiert,planen,verstehen,inges,essen,geburtstag,gesagt,schon,hansi
129,hirzel,pfarrer,hansi,umgeschlagen,bildbeschreibungen,provozieren,ängste,ausbaden,weiterkomme,gesteck,melancholie,sitzenden,ungeheim,stoppt,musstens,serviert,zurückziehen,provokationslust,mutter,einladung
130,schlafen,schlafprobleme,richtig,gedankenspirale,wünsch,bekloppter,ausprobieren,gegenteil,schafe,faulenzen,hemmungslos,woran,leidenschaft,fängt,geschlafen,eingesperrt,zeichnen,mitten,kind,mehr
131,mittagsschlaf,illustration,tiefere,höhe,bitter,nötig,irgendeine,erholsam,hochgeschreckt,aufprall,schweißgebadet,fallenden,projekts,falle,schläfchen,wand,bedeutung,erwachsene,aufgewacht,peterpan
132,wendy,pan,peter,kind,anfang,wär,ende,liebling,erwachsensein,angela,tonnenschwere,illustrieren,nennen,fürchterlichen,gebeten,moira,lösung,verantwortungslast,übersetzt,nimmerland
133,landluft,see,kraft,natur,aufführt,krafttanken,krabbelt,nektar,baumstämme,käfer,einatmen,gefehlt,ausatmen,saugt,blüten,kronen,hummel,gibt,unmenschlich,sophie
134,leutenberg,nachbarn,nebenfigur,spion,rodrigo,seidene,verkörpern,leutenbergs,bösartiger,verstecke,claudels,getarnt,leseabend,gitter,perfekt,diener,paul,paulclaudel,schuh,irgendein
135,donau,pause,ulm,weiß,krieg,sonnenschein,unendlichen,kinderzimmer,auszublenden,kirchturm,gedankenspiralen,archiv,straßenbahn,deswegen,hoch,schwenkt,versinken,wunderbar,aufnahme,schwarz
136,fronten,erlebt,erinnere,wussten,bereits,schulfreunde,jüdische,verschwunden,schule,verändert,klassenfoto,klassenkameraden,fliehen,foto,mussten,traurig,gefallen,geschickt,freunde,geben
137,häberle,schnell,kommen,angemerkt,nachgefragt,sonderrationen,wirkte,altebekannte,offenes,reingebeten,freddi,rationen,erkundigt,ohr,volk,gesorgt,redete,wehrmachtsangehörigen,behalten,bestätigt
138,bügelt,sorgen,inge,macht,schüttelt,alkohol,umgang,blusen,stressabbau,besorgtem,sport,trinken,gesicht,gebe,inges,traurig,kopf,werner,gleich,text
139,alten,vorzustellen,nostalgisch,bügeln,geholfen,nimmerland,schulfreunde,beispiel,gestimmt,leider,verblendet,klassenfoto,altes,pan,einschlafen,bekannten,peter,schlechter,gemerkt,fabrikdienst
140,klar,kamera,frau,weiße,sorgen,wurde,blumenmuster,älteren,kehre,verhält,angeschaut,klassenkameradinnen,beizubringen,verbringe,pausen,kissen,niemanden,kandidat,potentieller,türspalt
141,ostfornt,junger,blödsinn,begreifen,tot,unruhig,heldentod,falsch,verdammten,blickt,tränen,trauer,sterben,stirbt,arme,krieg,erfahren,mann,nah,gefallen
142,russland,weißrussland,leiden,fritz,spricht,wehrmacht,schreibt,christoph,passiert,krieg,viele,kriegsdienst,überlebende,kasino,witebsk,verursacht,kommandeur,anrichtet,niedergebrannt,kultur
143,eindruck,stehe,erzähle,fabrikdienst,schrecklich,dachte,fabrik,später,genau,erste,heute,mehr,ichbinsophiescholl,remilitarisierung,reneesintenis,remppis,renée,religiös,rekonstruierbar,rektor
144,wusste,deren,unglaublich,pausenbrot,mechanismus,winzige,stückchen,anfreunde,geteilt,teilarbeit,reagieren,schlaflosen,kolleginnen,zweck,ausgemalt,unbekannt,nächten,leblose,detail,eingerostet
145,genauer,reparieren,vorstellung,kameraden,fritz,zeichnung,animation,brennen,explodieren,nachfragen,fahrzeug,selbstschutz,kriegsgsgeschehen,raucht,auto,wehrmachtsuniformen,autoreifen,schädlich,ausmalen,zivilbevölkerung
146,macht,charakter,großen,teil,raus,ganzen,kleine,ganz,kriegsmaschinerie,erheben,vermeintlich,besiegelt,herr,besseres,teile,mitläufer,genießt,drin,arbeiterin,vorarbeiter
147,stalingrad,propaganda,hinweisen,gerüchte,gewissenhaft,laufenden,schlägt,infrastruktur,wohngebiete,hetzblatt,bombadiert,dazukommen,städtenamen,atlas,informieren,aktuellen,offen,sprache,entschlüsseln,russische
148,markt,woanders,hering,draufsteht,ernährung,einkaufszettel,fleischkotelett,pflaumen,salat,bitte,frischen,einkaufen,nachttisch,gezeichnet,holen,gelegt,kriege,nein,denkt,gesehen
149,eintopf,hausfrau,speck,herbstessen,ersetzen,hausfrauen,zaubert,perfektes,linseneintopf,sonntag,woher,einkauf,kochen,inge,lust,deutschen,images,akg,nehmen,schönen
150,kohl,kartoffeln,eintopf,mahlzeit,klein,schneiden,mehl,kochen,öl,pellen,zwiebel,suppe,abschmecken,aufkochen,anschwitzen,zubereitung,draus,pfeffer,kartoffel,salz
151,ostfront,tod,vermutete,gibt,stellen,munition,ernsts,einzukaufen,eintopf,her,weniger,hart,begonnen,gefährlich,nah,fabrikdienst,plötzlich,getroffen,scholls,passiert
152,vater,gefängnis,umarmt,angelaufen,kommunizieren,traurigem,können,mutter,innig,dienstag,ernsts,leiden,schlimm,eingesperrt,weh,gesicht,söhne,überstehen,erfahren,besten
153,gönnen,otl,tanzen,inge,hätte,jemandem,paartanz,tanz,missgönnt,nagt,beinah,eifersucht,romantik,gehalten,wiedersehe,küssen,strahlt,zweit,verliebt,jemanden
154,tanzen,otl,tanzengehen,wohnzimmertanz,aktuellen,leichtigkeit,innig,dringend,flamme,küssen,träume,verliebt,dahin,inge,momente,lachen,freudig,schauen,vorbei,immerhin
155,feiern,russland,abende,fürchte,kennenlernt,mitteln,russinnen,aufeinander,feuchtfröhlichen,zweifelsfall,russen,absurd,schießen,beschreibt,singt,verlängern,gewinnen,feiert,krieg,briefen
156,russland,reisen,land,fahren,krieg,wäre,hungersnöte,petersburg,toten,sankt,zivilistinnen,ballett,anzusehen,museen,reiselust,dörfer,frontlinie,zeltausflug,geprobt,eisenbahn
157,paket,fritz,dirndlmäßiges,vorgestellt,stoff,kleid,nähe,beruhigt,händen,entscheiden,sachen,geschickt,russland,hören,gesagt,unterwegs,kaum,glauben,mache,gerne
158,kleid,folklore,nachtschicht,stickereien,russischen,alpenländischen,rechnen,gewändern,selbstgenähtes,fabelhaft,selbstgemacht,trachten,traditionell,mäuler,bunte,handarbeitsunterricht,ewigen,üblich,keindirndl,dirndls
159,otl,literatur,avoir,il,wegweisern,un,coeur,faut,le,lektüre,spruch,tendre,gefüttert,dur,lesestoff,harten,gehirn,et,buches,esprit
160,freiheit,eingeschränkt,befeuert,erwische,hinkritzele,unfrei,otls,schlimmste,sind,irgendwo,nochmal,ständig,wort,buch,meisten,frei,leute,kaum,richtig,wissen
161,wahsinnig,motiviert,eifersüchtig,herzlich,ungreifbar,einzumischen,trage,irrsinn,weint,auszuhalten,erscheint,weiterzumachen,stoff,vermisse,kleid,verdient,näher,inge,fertig,wochenrückblick
162,mama,sorgen,papa,zumute,anzuschauen,fotoalben,familienleben,schlimmere,familie,merken,weint,eifersucht,weinen,normale,guten,albern,sauer,söhne,inge,verstehen
163,zwei,regime,söhne,krieg,mutter,familie,kinder,normal,normale,gesund,kind,kindern,drei,scholls,stolz,vater,soldaten,gefängnis,bekommen,viele
164,bauchschmerzen,villa,muth,fabrik,durchgehen,schallplatten,brauchte,gelten,gefüllt,krankmachen,bildern,wahrheit,tatsächlich,magen,vorarbeiter,verbotenen,schriften,regeln,gefahren,bombardiert
165,bombenangriffen,münchen,worte,finde,dafür,krieg,ichbinsophiescholl,reizen,renée,reneesintenis,remppis,remilitarisierung,religiös,rektor,rekrutenausbildung,rekonstruierbar,0003,reparieren,reisevorbereitungen,reiseroute
166,sirenen,dächern,unklar,trianomedien,anflug,bieten,fliegeralarm,losgehen,sirene,luftschutzbunker,allerdings,alle,bomben,schutz,keller,bedeutet,videoaufnahmen,stehen,schwarzweiß,bildquelle
167,gehe,routinen,gestern,zurück,tag,faule,hierzusein,hasse,verfolgen,mittagspause,aufheitern,typisch,meistens,gestärkt,17,täglich,schluss,30,größer,spreche
168,hart,geschwister,gezögert,quatsch,telegramm,fand,kleid,sekunde,unterstützung,unheimlich,gefahren,sauer,inge,wusste,bringe,münchen,montag,russischen,brauche,mich
169,wörterbuch,vokabeln,wörter,motivieren,anfängt,kyrillische,russischlernen,russisches,zavodila,alphabet,kyrillischesalphabet,präge,entziffern,kümmere,büchern,beigebracht,mensch,guten,gebrauchen,jemand
170,brücke,alptraum,gefahren,fritz,explodierte,totale,platten,alpträumen,überlebt,unwissenheit,realen,antwerpen,panne,flog,aufgewacht,beginn,wagen,hintergrund,schrecklichen,wünschte
171,fabrikarbeit,dauerhaft,vorstellbar,ausgebeutet,weiterarbeiten,rücken,rückenschmerzen,schuften,essensrationen,ostarbeiterinnen,knappe,feierabend,verdammt,körperlich,durchhalten,weh,echt,mussten,schwer,jahre
172,helfen,professor,muth,abzulenken,schief,kriegszeiten,krankgemeldet,unglücklich,fabrikalltag,russischwörterbuch,haussegen,mittagspausen,alltagsroutinen,zerstörung,mitkam,familie,code,lichtblick,unterstützern,fürchterlich
173,stark,schreiben,gefängnis,hocherhobenen,entsprechend,hauptes,monat,umständen,gebrochen,vater,worten,strafe,wenig,egal,fabrikdienst,müde,guter,nimmt,mut,stolz
174,heimweg,ulm,oberteil,taschen,dunkle,ausgetreten,gekostet,gelaufen,weißes,rock,dunklen,uniformen,video,mädchen,abitur,verblendet,schuhe,kleiner,dagegen,bdm
175,arbeitstag,affe,stunden,wochentag,stumpfsinnig,eintönig,schichtdienst,arbeitszeiten,fabrikarbeit,zehn,feste,tauschen,bauernhof,dienst,zwangsarbeiterinnen,wahrscheinlich,wenigstens,lust,verlassen,meint
176,buch,stefan,zweig,rechte,hansi,unterscheiden,miniaturen,geschichtsstunde,sternstundendermenschheit,sternstunden,systematisch,jude,fiktive,historische,stefanzweig,gutebücher,angelehnt,rechtlich,nürnberger,gesetzen
177,flugblätter,unsichtbar,ergebnisse,gleise,sprengen,anregen,reichen,deswegen,jung,züge,umso,veränderung,hansihirzel,rollen,luft,wichtiger,verstehen,beginnt,gern,besten
178,kartoffelsalat,mahlzeit,kartoffel,mayonnaise,lieblingskartoffelgericht,saure,sahne,möglichkeiten,anstelle,mittagspause,mitgegeben,mehl,körperlich,hunger,guten,essen,arbeiten,viele,macht,inge
179,freudentanz,besuchen,morgen,arbeitstages,beschwingt,energie,freu,vater,durchs,langen,tanzt,wohnzimmer,trotz,glücklich,dürfen,tanzen,sogar,fabrik,gefängnis,text
180,code,früh,abgearbeitet,routine,vorn,adressliste,aufstehen,pustekuchen,wichtiger,möglich,versteckt,adressen,muths,erreichen,schlafen,genug,bett,arbeiten,weiße,tun
181,gefreut,tag,total,stumpfsinnige,grausamen,verschließt,besuchserlaubnis,abgesagt,begründung,riesig,affe,naja,verblendet,dran,realität,sieg,überzeugt,immer,aktiv,friedrich
182,kummer,gefunden,macht,normalerweise,geirrt,vertieft,fotoalbum,betten,fegt,uhrzeit,trinkt,muttertochter,küche,still,verbergen,altes,unterstützung,hört,bevor,tee
183,verkürzt,wurde,dienst,fabrik,grinst,fabrikstruktur,fabrikleitung,elende,herbststrauß,gebrüll,lacht,schichtende,pflücke,geladen,freude,baumkronen,maschinen,kanns,verblödete,tages
184,fabrik,freiheit,abtransportiert,schäden,barbarisch,harter,verlasse,wird,freiheiten,ludtka,unfrei,jemals,fremden,arbeitsdienst,zwangsarbeit,gezwungen,endet,dienst,heimat,studieren
185,geburtstag,gesund,vermisse,komm,zurück,persönlich,szenen,hochleben,hans,schneller,gratulieren,heute,zusammenschnitt,spürt,momente,vielen,zumindest,schönen,fest,geschwisterliebe
186,spätsommer,schwimmen,wasser,erwachsenen,nass,planschenden,spring,spritzen,lauschen,entspannenden,schwimme,quietschen,flussufer,kalte,isar,fröhlichen,ufer,sequenz,öfter,wach
187,bach,beethoven,otl,inge,brief,früchte,hineinlesen,romantisches,ichbinsopiescholl,birnbaum,birnbäume,zuhörenden,unterschiedlich,philosophieren,beispiel,otls,angeht,beruhigt,erreicht,hängt
188,regelschmerzen,zyklus,periode,krankgeschrieben,schonung,schmerzmittel,brauchten,wunderwerk,weibliche,verständnis,schulzeit,gerecht,königin,menstruation,schmerzen,wärmflasche,erleben,weiblichen,starke,ärgern
189,route,reise,gewöhnlichen,knöpfe,gestalt,danke,nachweisen,tipps,unverdächtigen,reisepläne,orte,benutze,kennenlernen,anstelle,ungefährlich,vorfreude,anlass,markieren,legen,aussehen
190,zukunft,mitbestimmen,jedestimmezählt,wählen,kinn,abgestützt,behandelt,wunderbar,nachdenklich,regiert,zigarette,rechte,blickt,namen,gleichen,seite,hand,nimmt,zug,schaut
191,lichthof,politik,traum,steht,geistern,vereinigt,selbstverständlich,vereinten,visionen,linse,naiver,sterne,hans,drehen,klugen,heute,länder,friedlich,boden,gäbe
192,endlich,ablenkung,vertragen,beschlagnahmt,überraschende,kommende,rüstungsdienstes,woche,mutter,geplant,kummer,otls,leider,versteht,gelesen,gefeiert,vermisst,inge,gefreut,geburtstag
193,bauernhof,könnten,hausamsee,hühner,zweiertruppe,umgeht,farm,anstellen,grünen,hühnerfarm,ja,bräuchte,tieren,zulegen,beenden,richtigen,militär,träumt,schluss,dauern
194,rüstungsindustrie,fabrikdienst,propaganda,osteuropa,ost,animiert,aufnäher,typische,schlechtes,kleidung,jedenfalls,gewissen,aussehen,erkennen,spaziergang,plakat,zukunft,zwangsarbeiterinnen,tragen,akg
195,gedanken,frei,strophe,überlege,kerker,dritten,finsteren,bedeckter,sperrt,vergebliche,schranken,ein,faust,entzwei,lied,zerreißen,mauern,wolken,vater,spielen
196,flöte,sache,verschweige,streitpunkt,klavierunterricht,angetan,augenrollen,sowieso,ebene,nachdenke,verbindet,distanziert,blöd,spielen,haushalt,musizieren,böse,ganz,inge,diegedankensindfrei
197,klavier,flöte,inge,blockflöte,flötistin,stufen,spiele,spielt,musizieren,tauschen,rollen,diegedankensindfrei,draußen,sitzt,gefallen,frei,obwohl,weihnachten,gedanken,eigentlich
198,ständiger,fritz,sowjetunion,darüber,schreibt,einfach,strecke,schlacht,kriegsgefangene,hungert,grauenhaft,kilometern,gegenüberstehen,gewählt,töten,bereitschaft,unnötiges,genaues,zeitungsschlagzeilen,erschießt
199,flöten,generalprobe,loch,auftritt,gefängnismauern,rausholen,vater,dicken,gehts,eben,letzter,diegedankensindfrei,hört,gefallen,hand,meint,schreiben,los,gemacht,passiert
200,schäferhund,sicherheitsmann,flötenspiel,aufregend,auftritt,heimweg,freut,spätestens,gelacht,flöte,langsam,diegedankensindfrei,gefreut,gefallen,gehört,schönen,finden,raus,ganzen,hause
201,loslegen,melancholisch,knüpfen,sammeln,zukommt,genutzt,ulm,grübeln,vorne,umsonst,monat,schließlich,komm,hansihirzel,dahin,drucken,unterstützer,gewinnen,kontakte,krieg
202,üben,flötenkonzert,friedlichen,schallen,hieß,gefängnismauern,grad,leider,kleines,dicken,sehne,bloß,nähe,gemeinsamen,unheimlich,inge,immerhin,scheint,nämlich,gegeben
203,zeitung,frankfurter,vater,kopf,lachend,behalte,redakteure,frankfurterzeitung,lesend,journalistin,rauskommt,einfluss,stimme,ausland,in,nutzen,blatt,platz,tochter,lese
204,mutter,besser,hustet,schwach,notizen,geht,frischen,wichtiges,wehren,sag,versteck,gekocht,gucken,verstecken,regelmäßig,dennoch,inge,zusätzlich,tee,bücher
205,bauen,holz,stalingrad,winter,russland,stadt,fritz,abgebrannt,obdachlos,winterquartier,minustemperaturen,reingefahren,anfangs,unterkünfte,flüchtlinge,erdbunker,tausende,nahrung,abgebrochen,hieß
206,hase,beigen,schlachtung,steigen,schlachten,abwechslung,angehende,hasen,respekt,biologin,kriegsessen,mäuschens,willkommene,geschmacklosen,unschuldigen,absurde,küchentisch,fleisch,anblick,tier
207,mutlos,einsam,macht,belasten,kombination,zusammenreißen,besprechen,selber,jemanden,schlechte,gehts,seid,zusätzlich,brauche,reden,dinge,genug,vervielfältiger,weiße,sorgen
208,vervielfältiger,donau,fluss,hansi,sollen,gehen,hätte,stadtmauer,gepäckträger,nahaufnahme,schwenk,jungs,tauben,tauchen,gefieder,vorwürfe,ulm,angesprochen,geworfen,unvorsichtig
209,hoffnungslos,animation,fehler,auffliegen,endete,versinkenden,schlingarmen,unheimlichen,meereswesens,erschöpft,donau,gezogen,unten,plan,grund,pause,wasser,ständig,fabrikdienst,müde
210,donau,konnte,erlitten,zunehmend,erhellen,verschlimmern,rückschlag,zusprechen,geworfen,kämpfen,weiteren,hoffnung,langsam,post,grund,situation,stimmung,gern,scheint,besorgen
211,müde,macht,unruhe,schrecklichsten,gedankenstrudel,ausbrechen,schuldig,geht,kreisen,unruhig,sorge,taten,gut,schlaf,themen,unheimlich,schlimmer,fragen,verbringen,habt
212,nationalsozialisten,müssen,otl,glaube,mitbringen,neuemitglieder,erschrecken,fahrkartenkauf,anschließen,gastgeschenk,adresse,lehnt,zuverlässig,vertraue,richtige,gezeichnet,seltsam,möchte,erzähle,vertrauen
213,reisen,fahrkarten,angeben,letztem,furchtbare,gastgeber,familienmitglieder,anzutreten,abreise,private,versteigert,eigentliche,reichsbahn,koffern,benutzt,übriges,gründe,maximal,munition,transportieren
214,schwager,karten,abgenommen,eingestuft,familienbesuchen,verkäufer,unterschätzt,spe,werdet,ungefährlich,vorteil,junge,fahrkarten,schönes,fragen,zug,oft,erzählt,oh,gefühl
215,lief,großepläne,freudentanz,wild,tanzt,ausgelassen,plan,guter,wohnzimmer,glücklich,tag,wirklich,sophie,heute,bildbeschreibung,ichbinsophiescholl,reisevorbereitungen,religiös,renée,reiselust
216,gottvertrauen,mutter,kinder,schnell,familienmitglied,erholt,füßen,pflege,wechseln,gesundheitlich,gebetet,mädchen,magen,probleme,muttertochter,haushalt,gelernt,kümmern,vertraue,trost
217,gleichen,tanzen,fritz,offiziersanwärter,5jahre,tänzer,selten,wachsen,distanz,verliebt,her,kennengelernt,ginge,meinliebster,vielen,16,schafft,schicken,20,zeitpunkt
218,müssen,bald,antriebslos,aufbauen,vorwand,starte,rundreise,geendet,kehrte,zurückzulassen,woche,losgehen,tatendrang,riesiges,furchtbar,krank,bricht,netzwerk,begann,perfekte
219,verwüstet,codes,hilf,unterlagen,karte,fliehen,durchsucht,adressen,muths,zweiten,buch,gefahr,zimmer,finde,oh,gestapo,gott,bild,ichbinsophiescholl,remilitarisierung
220,versteck,stadtrand,essbares,mist,wahnsinnig,ecke,pocht,wisst,richtung,vielleicht,feind,laufe,dauern,straße,hängt,wächst,wald,gerade,wunder,essen
221,dank,erleichterung,sei,gott,mutter,geht,glück,gut,tag,absoluten,weggeschickt,spionieren,übrig,allerbeste,aufzeichnungen,gottseidank,langem,salat,irgendwas,geredet
222,heile,welt,kleine,gründen,tagtäglich,schollgeschwister,band,unterschiedlicher,zukunftspläne,hausfrau,redet,wege,ist,wüsste,eigenen,immer,heiraten,erwachsen,eigene,eben
223,ärgern,schwestern,mehr,innerlich,akzeptieren,stibitzt,nervige,genervt,isst,reagiert,küchentisch,video,teller,honigbrot,gelernt,gucken,böse,schicksal,inge,sitzt
224,honigbrot,zucker,zutaten,neues,inge,macht,sternanis,weißer,scheibe,zimt,honig,brauner,fertige,natron,teller,backen,mehl,filmt,schließlich,stück
225,geheimnis,dickköpfen,geheimnisse,plänen,wild,wüsste,gut,inge,ausgelassen,stimmung,miteinander,wohnzimmer,komme,neues,lieben,wär,raus,tanzen,besonders,geschwisterliebe
226,dachte,bekommen,tasche,lauf,nahm,super,bewahre,regeneriert,positiven,herrscht,blanker,panik,woche,aufzeichnungen,jedenfalls,begann,getragen,finger,post,leutenberg
227,gefängnis,vater,haft,lebhaften,ausrufen,grinsen,unverbittert,rausspaziert,szenarien,hättet,vorsichtigen,unbeschwertheit,zuhören,trüben,badezimmer,gleichgesinnten,begegnungen,wirkt,vollkommen,chor
228,konvention,genfer,regelwerk,weltkrieg,blatt,erhalt,erarbeiten,wütender,völkerrecht,weiterbringen,schärfste,friedens,genferkonvention,wiedergewonnene,gedrückt,briten,unterzeichnung,zukünftige,aufgeregt,runde
229,alleine,reisevorbereitungen,anhalter,per,tagen,reise,fahren,diesmal,ingeundotl,reizen,späße,streitereien,räum,verreist,höchste,peranhalter,schlammere,älter,remppis,sicherer
230,feldpost,nochmal,brief,gefühlte,schwung,ewigkeit,post,davor,egal,frage,glücklich,reise,dachte,los,unterwegs,kraft,kam,besser,lange,gibt
231,fritz,freiheit,fliegen,manchmal,ausmachen,verlängert,_s_fischer,kämest,mußt,beisammen,bedürfnis,gestöbert,abnehmen,liebesbriefe,soweitweg,lest,324f,kiste,zitat,liebesbrief
232,inge,stütze,welt,leben,büglerin,erfolgreiche,geschäftsfrau,hervorragende,alltagssituationen,älteste,spiel,allergrößte,liebevolle,einweihen,videos,vereinbaren,backen,ehefrau,zusammenschnitt,verschiedenen
233,baden,route,elsaß,offenburg,münster,gespannt,stuttgart,karlsruhe,freiburg,muth,ulm,treffen,otl,ausschließlich,sichere,adressbuch,reiseroute,ausgetüftelt,eindrücke,potenzielle
234,stuttgart,endlich,ausgang,lebendiger,wecken,stoppen,befreiendes,200m,klärt,weiterkommen,richtigen,adresse,zugfahrt,bauchschmerzen,bahnhof,verbündete,erster,entfernt,gefühlt,pause
235,gespräch,schwaben,handschuhe,nette,karlsruhe,baden,vorsichtig,schnell,frau,reisenden,musste,aussteigen,loszulachen,reisegefährtin,gelegenheiten,nett,fahr,strickte,dame,verdrehte
236,voller,vorfreude,widerstand,baden,studentin,süddeutschland,spendabel,déjà,fahrenden,freudestrahlend,bluse,lebensweg,vu,anders,zuges,zugesteckt,tatendrang,gästezimmer,ahnen,wehen
237,baden,wiederseh,gutgehen,fürchten,woche,zugesichert,unachtsamkeit,halbe,gefährden,schrecken,bisher,offenburg,karlsruhe,münster,ewigkeit,mittwoch,aktiv,unterstützung,dennoch,freiburg
238,nächsten,reise,trotzdem,zögerlich,wahrer,erklärt,zehrt,türöffner,neuebekannte,gastfreundschaft,zugetan,hauptziel,öffnen,klartext,ausgesprochen,menschen,umgebung,name,gästezimmer,bestärkt
239,ständig,reise,neue,kräftezehrend,orientieren,neu,schaffner,nacken,auszupacken,kontrollieren,ausfindig,donnerstag,fahrkarte,anstrengend,mitmachen,lohnt,offenburg,mal,versuche,karte
240,grafeneck,erzählt,einrichtung,frau,ermordet,familie,schwester,letzten,hätte,durchgeführt,angeblichen,verstorbenen,kollegin,natürlichen,durfte,lungenentzündung,gearbeitet,morden,schloss,entrüstet
241,held,otl,tausend,schlau,ruhm,schläft,empathie,rausfinden,waschen,pensionswirtschaft,oben,zeichnet,gegessen,selbstbezogen,heute,na,zweites,helden,unten,satz
242,ewig,geredet,freundschaft,schätzt,männern,keinehelden,philosophiert,versichert,zwingen,hundertfach,saßen,aufgebaut,wach,stütze,lagen,selbstbezogen,schätze,wirtschaft,mitmachen,schade
243,reise,otl,zeit,km,bequem,zukünftigerschwager,épinal,vertreibt,setzen,wecker,habs,gebirgspass,70,umstieg,wollt,bahnfahrten,womit,verpassen,umsteigen,schlafe
244,otl,schlendert,tollen,interessant,zerstören,kommts,charakter,redet,meistens,filmt,wald,albern,irgendwann,literatur,erzählen,ingescholl,politik,otlaicher,raus,spricht
245,verheiratet,jüdin,jüdischen,überraschung,inge,beziehungen,heimlichen,geheime,privatangelegenheit,paare,zwangsarbeitern,überzeugen,geführt,liebschaft,bestraft,großeschwester,gestellt,schwierigkeiten,geheimnisse,geliebten
246,denkt,kommt,geiste,gelandet,verheimliche,verbündeter,hinweis,überwältigt,verschlafenen,ratet,rat,rose,leisten,zelten,aufregende,geliebten,ordnung,elsaß,hinten,kleiner
247,werner,hans,erfahren,zeit,ungebrochen,springt,zusammentreffen,zusammengeführt,verachten,unwahrscheinlich,geschmiedet,schulter,gepäck,weiten,glücklicher,armen,honigkuchenpferde,grinsend,mai,länger
248,ertragen,gehört,hitler,krieg,berichten,rundfunkgerät,schuld,empfänger,schallt,ausrottung,eingeschaltet,meinten,nichtsein,verfahren,hans,haben,küche,stimmt,grausam,hoffnungslos
249,nacht,umgesiedelt,bilddokumentation,deutschlands,9november1938,wahnsinn,synagoge,bürgerlichen,hass,andauert,tödlicher,brannte,beraubt,gedemütigt,geschäfte,menschen,ulm,bedeutung,wussten,sicherer
250,gealbere,allerbesten,weichen,zwischendurch,drücke,umarmungen,weisserose,aufheitern,nerven,komisch,erwachsene,ablenken,gefragt,nähe,straße,sekunde,verhalten,vorhin,genieße,geschwistern
251,hans,ernster,herum,wohnungssuche,albern,münchen,ach,nah,spaß,brauche,finden,geschwisterliebe,hansscholl,wohnung,hoffentlich,trotzdem,text,zusammen,lange,bild
252,halt,durchatmen,familie,fast,goethes,singspiel,gedicht,füreinander,insel,zeile,heimeligkeit,lila,feiger,heilsam,öfter,voneinander,person,einander,familienmotto,schweren
253,unterkunft,aufbruch,wohnungssuchemünchen,bewohnbar,schlafsäcken,schlafsäcke,eingepackt,stiefel,bezahlbare,jacken,bombenangriffen,gepackt,koffer,herrlich,villa,freie,wohnungen,fehlen,minute,leichter
254,kartenspielen,gemeinsames,zusammensein,vereint,ausgelassenheit,geschenk,seht,geschwisterscholl,samstag,stunde,urlaub,wernerscholl,ingescholl,bekommt,dankbar,wiedersehen,zeiten,fehlt,früher,wann
255,all,fast,schlechtere,glücks,rauben,vollständig,begannen,tanken,letztlich,wohlauf,familie,riesig,gottseidank,beistand,angefühlt,losgelassen,überraschend,menge,aufsaugen,koffer
256,abend,münchen,gestern,endlich,gewohnt,seltsamste,offener,mäßig,eigenständige,liebes,maximiliansplatz,kellerboden,brienner,atmen,nationaltheater,übergangsweise,ja,familie,brunnen,sowie
257,atelier,arbeit,eingerichtet,modernen,hergerichtet,schreibmaschinen,rundgang,prachtvoll,arbeitsplatz,arbeitsort,zauberei,stürzen,schreibtische,geschlichen,schlüssel,vervielfältigungsapparat,riesigen,verraten,abwarten,stunde
258,konzert,wirklich,schwärmerei,schäme,getanze,lesung,wichtigeres,hingezogen,gelben,deckenlampe,tanzenden,wein,dumme,vernünftig,bleibe,schein,enge,studentenleben,an,animierte
259,atelier,paar,ungemütlich,kaufe,organisieren,wohnraum,klappere,feldbetten,zimmerfrei,aushänge,schlafplatz,hans,kalt,kirchen,ewig,länger,kümmere,bombardierungen,zerstört,auffällig
260,soldaten,sieht,ostfront,russland,alex,aufzunehmen,mordende,verwunderlich,kameras,andermal,kontrolliert,propagandabilder,winterfest,positive,gelaunte,angehalten,kannte,kalt,zivilisten,videos
261,daumendrücken,universität,üppig,günstig,drückt,daumen,wohnungsnot,wohnungssucheinmünchen,hinterhaus,einziehen,studentenbudget,viertelstunde,häuser,besichtigung,studentenleben,schwabing,lage,bombardierungen,zerstört,wohnungen
262,feiern,traute,tanzen,wohnung,neue,zugucken,hans,wein,sowas,eng,enge,tänze,anlass,weiß,trinken,vertraut,nicht,wohnungssuche,grund,graf
263,inspiration,kunst,entartetekunst,besteaussicht,aufwachen,geyer,aufhängen,täglicher,wilhelmgeyer,wilhelm,geeignet,demnächst,domizil,neueszimmer,entartete,einrichtung,wänden,wetter,verrät,himmel
264,gar,lädt,tageszeit,wohngemeinschaft,zurückzuziehen,einquartiert,lauten,sage,abends,mal,mindestens,merke,langen,lustig,schlaf,vorhin,gelegt,nächte,auszeit,lernen
265,entscheidungen,fritz,winter,stalingrad,schickt,flott,aberflott,könnte,einmischen,wunsch,albträumen,gekämpft,einzuwirken,befugnis,politischen,befehlen,ja,fronturlaub,hauptmann,berufssoldat
266,heimgekommen,wechselbad,woche,unversehrt,wunderschöne,angeschlossen,gefühle,getan,lachen,hamburg,dankbar,verteilen,feiern,beste,nachricht,fährt,früher,tanzen,gemeinsam,willi
267,studium,berufsverbot,ausbildung,kriegsende,arbeiten,wohnung,geldsorgen,steuerberater,unverschämt,notfalls,hinblick,baldige,ergibt,verdienen,wirtschaftsprüfer,buchhalter,finanziert,unterbrechen,schlag,kindergärtnerin
268,katholik,saarbrücken,willi,schwester,medizinstudent,umtriebe,lieblingssport,engagierter,bratsche,antworten,derneue,verweigert,ministrant,fechten,verstockt,bündischer,chor,gestellt,singt,spielt
269,rotwein,vorhin,hans,arbeiten,willi,atelier,unerschrocken,begleiter,halbem,geheimrezept,meiden,vorbeigeht,wofür,setze,erheitern,ständigen,entwürfen,kehrtgemacht,aufgelöst,spurlos
270,dieweißerose,details,offen,widerstand,erfahren,kenne,gesprochen,hansscholl,nie,gestern,glaube,hans,ichbinsophiescholl,richtiger,reist,remppis,remilitarisierung,religiös,rektor,rekrutenausbildung
271,verstehe,lassen,willi,seit,geschirr,benutzte,ausziehen,unordnung,männersocken,nirgends,stuhl,mitkommen,wg,socken,besprechungen,rumliegen,aufräumen,aushalten,sorgt,könnt
272,klingt,brief,fritz,zwei,bekommen,wochen,afrika,eingeflogen,einfriert,abwehrschlacht,graben,abgeschnitten,eingeschlossen,feindliche,umrüstung,beobachter,planung,überlegenheit,versorgung,verlegung
273,kam,gar,skeptisch,anstrengende,teilweise,arbeitsverbot,frechheit,beziehen,vermeiden,heiteren,saustall,neigt,hinterlassen,größten,schlag,schlechte,komm,beobachtet,fritz,post
274,brote,rolle,schmiert,rollenverteilung,schmalzbrot,gedrängt,schnittchen,aktive,esse,beschäftigt,position,aufräumen,arbeite,ausgeschlossen,völlig,essen,denen,komme,ganze,sitzen
275,professor,schüchtert,belesener,leibnizvorlesung,rose,älter,leibniz,vorlesung,kurthuber,begeistert,genommen,idee,weniger,unterstützt,wort,gefallen,reden,philosophie,frage,ernst
276,vermieterin,partei,atelier,wohnung,parteiabzeichen,eile,stolzes,ungefragt,mitteilen,vermieter,besorge,fallen,versehen,druck,gelassen,nette,warnen,boden,witwe,lag
277,anerkennung,akzeptanz,zusammenzuarbeiten,geschaut,strang,wäsche,blöd,einsatz,gelohnt,nervt,ganz,allein,ziehen,schaffen,nimmt,hilft,mut,ernst,genug,gemeinsam
278,denen,erschießen,daherkäme,pistole,tue,scheinen,mutig,entschlossen,verändern,zweifel,männer,eben,möglich,plötzlich,scheint,stark,mut,kennt,weit,tage
279,flugblätter,glaubt,gesagt,inge,dahinter,preis,dritt,abbringen,verplappert,strahlen,ausgestiegen,halbe,problem,beschützen,verteilt,angesprochen,steckt,umso,schöner,ewigkeit
280,konzert,musik,abend,richtig,gesessen,ungestörte,geglaubt,erwähnt,wohin,versehen,gekocht,konzerte,lang,geredet,gelacht,schützen,inge,erzählen,mehr,gehört
281,hoffe,schlauen,riesige,ladung,geklaut,beitragen,waghalsige,zuwachs,vorräte,geschätzter,angeschlossen,aktion,gut,bloß,gebrauchen,auszeit,inges,getan,besuch,nimmt
282,traute,morgen,wurst,wiederkommen,leuten,gesucht,ärgert,polizei,zugfahrten,unerlaubte,entspannt,interessiert,lebensmittel,beschäftigt,fleisch,weiß,kleines,rest,verabredet,fahrt
283,briefmarken,warum,krieg,lass,trauerfeier,ausrichten,deckmantel,verschwendung,vortäuschen,heil,aufhören,weinen,wert,enden,reine,trauer,überstehen,liest,verloren,tod
284,briefmarken,brunnens,parteianstecker,situationen,getrocknet,postamt,stadtbummel,absichten,unwohl,abzeichen,freundlicher,con,worldfilmheritage,jacke,gegrüßt,ansehen,weltfilmerbe,verstellt,wittelsbacher,merken
285,falk,harnack,chemnitz,alex,kapelle,getroffen,hans,klebezettelaktionen,arvidharnack,rote,freundeskreisen,staunen,aufgeflogen,unterschiedlichen,neuerkontakt,falkharnack,menschen,zusammenarbeiten,september,1933
286,schlüssel,gewartet,uhr,tür,ungewollten,studentenbude,gewundert,wohnungsschloss,schusselig,schussel,brrr,probiert,durchgefroren,eingefallen,siebhirn,erkältung,wärmflasche,ausgetauscht,aufzumachen,nachttisch
287,mode,traute,winter,hamburg,atelier,gleich,flugblätter,umändern,beklagen,anregungen,illustrierte,schwört,verschollen,schulkameraden,kleiderpunkte,lesekreis,da,einsetzen,flamme,zuverlässig
288,gewohnheit,kirche,bete,gottesdienste,regelmäßigen,advent,guttun,gottesdienst,trauerschlaufe,besinnen,besinnlichen,adventszeit,abendbrot,besinnung,kaiserplatz,auszeiten,st,ursula,katholische,gottes
289,flugblätter,denen,anvertraut,verschicken,aufgetrieben,untätig,heimatstadt,ideen,menge,diskutiert,diskussionen,hergestellt,kontakte,freunden,briefmarken,alten,hamburg,wort,verbracht,land
290,geld,grimminger,unterstützer,wissen,niemand,beiden,frau,reichsmark,jennygrimminger,finanzierung,zurückgekommen,polen,verschlossen,eugengrimminger,ausgegeben,knapp,zugesichert,jenny,gehofft,informationen
291,fritz,fleck,brief,kleinen,rätsel,verdun,besetzt,fürchtet,vorwärts,weihnachtspäckchen,fällt,erdbunkern,briefeschreiben,alledem,lage,kämpfen,gewissen,schlechte,zweites,erreicht
292,schmetterling,leichtigkeit,traumdeutung,traum,sorgen,faser,schonmal,träumereien,körpers,verwandelt,gegrämt,flügeln,davonflattert,prüfungen,verwandlung,starten,ablegen,ernsthaft,bevorsteht,semester
293,geheimsprache,belauschen,vorsichtiger,aufregend,codes,erfolgreich,gezogen,liebsten,sachen,ab,niemand,wohnung,atelier,wäre,gestern,müssen,widerstand,mehr,ichbinsophiescholl,remilitarisierung
294,müssen,aufzufliegen,eingehen,tief,vorplanen,risiko,risiken,vorsichtsmaßnahmen,preisgeben,gelassener,vermeidbaren,untergestellt,gestärkt,vorbereiten,weitermachen,weiß,gut,verhört,durchatmen,verhaftung
295,geräumt,kosten,unachtsamkeit,dicht,verstand,weiterzumachen,fersen,hoffnung,verlieren,bringt,gefährlich,frage,all,dürfen,kopf,arbeiten,hause,ende,angst,letzte
296,deutschen,deutschland,kommen,auslandspresse,britische,schulden,verschleppt,aufschrei,dailytelegraph,gestützt,wahrhaben,gibt,amerika,nationalsozialistische,protest,großbritannien,behandlung,weihnachtswunder,weiß,regime
297,vöglein,brief,fritz,gesehen,schreibt,fluchtartig,resten,transportflugzeug,schützenlochs,vergnügt,rand,beschlüsse,bataillon,zusammenstellen,briefträger,gruß,flugplatz,piepste,fahrzeugen,räumen
298,masken,alarm,keller,sicher,mucks,schellt,bunker,gasbomben,dezember1942,beunruhigter,miterlebe,fehlalarm,volksgasmaske,gewöhnen,luftschutzbunker,sirene,luftalarm,heißt,abwarten,fremden
299,weihnachten,heimreise,vor,haufen,vergeblich,kartenverkäuferinnen,familie,ulm,luftalarm,christbaum,chance,plätzchen,klappt,geworfen,anhalter,weihnachtslieder,dagegen,heimfahrt,klavier,überstehen
300,fahrkarten,weihnachten,schon,aufgemacht,aufgehalten,geschmückt,nachmittagstee,ulm,wem,sieben,schalter,heute,gelohnt,bahnhof,heimfahrt,baum,feiert,bahnfahrt,familiescholl,früh
301,ulm,feiertage,verschneit,überrede,heimzufahren,heim,schulkameradinnen,schmuck,vorbereitungen,bekannte,gesichter,münster,heimfahrt,schnee,nein,spaziergang,heimat,lebt,angekommen,schafft
302,bekommt,geschenke,unterm,liegen,weihnachten,wunde,klavierspielen,weihnachtsbräuche,weihnachtsgeschichte,verzeihe,porträts,bibel,ausnahmsweise,tannenbaum,lametta,schmücken,kerzen,bescherung,stillenacht,heiser
303,weihnachtsringsendung,singen,holzradio,sperre,bilde,beistelltisch,stationen,einbilden,stille,rundfunk,braunes,mitgesungen,herausgehört,kehle,lieblingsweihnachtslieder,getröstet,sendung,heiligabend,aufnahme,verbindet
304,augen,moment,weihnachten,weine,gefühlig,gestiegen,weihnachtstage,heiligabend,spüren,fehlen,weinen,sehnsucht,gleiche,familien,tränen,führen,kirche,immer,tat,irgendwann
305,weihnachten,nächstes,werner,verbringen,fritz,jahr,otl,wen,rum,beschossen,anzünden,weihnachtsfeiertag,trennt,weihnachtsfrieden,gebet,kerze,schießen,weihnachtstage,warmen,heute
306,weihnachten,otl,hakenkreuzgebäck,christlichen,sonnenräder,holle,weitergeben,gehabt,abbildungen,philosophiestunde,christlich,christkind,germanisch,bräuche,ja,einfluss,verbieten,frauenwarte,weihnachtsfest,wobei
307,weihnachten,weihnachtsbaum,gebackener,kerzenschein,anbrechen,geschmückte,müssten,normales,befürchteten,rechtzeitig,besinnliches,friedliches,besinnlicher,weihnachtsfest,bessere,plätzchen,familien,geruch,gelassen,frisch
308,fürs,abend,gisela,gefolgt,verlobten,bier,vierhändigen,grausig,trefft,überreden,angehört,privatkonzerte,weibliches,universitäten,wirtshaus,dritte,krauchenwies,katholischen,einladung,semester
309,kohle,kohlenklau,heizen,plakat,winter,propaganda,mutter,krieg,neue,rar,figur,erdöl,brettspiel,kohlen,entdeckt,benzin,gruselig,sparen,vergeudet,überbewertet
310,freiburg,fritz,liebe,illustration,glaube,ringe,unmöglich,geschneit,uneheliche,ausgerutscht,aufzufangen,schneit,reichlich,schuldgefühle,hut,belohnt,kunststoffsohlen,schlichten,angezogen,bleistift
311,jahreswechsel,verbringt,feier,freunden,alex,hans,lieber,hochschwanger,silvesterfest,wodka,vorgeschwärmt,familie,überlegt,drauf,saarbrücken,geplanten,feiert,gerade,außer,wunder
312,musik,radio,brief,briefe,ankommt,verhältnisse,album,rastlosigkeit,tobt,schmerzliche,erfüllt,geschwind,ungeduld,schnulzig,ulm,lege,kriegslärm,warmen,danken,briefeschreiben
313,karpfen,jahreschronik,kriegsjahr,weiteres,zeitung,widmen,neuesjahr,militärisch,fischstand,eingewickelt,aktuelle,laufe,definitiv,silvester,markt,schlechter,wunder,familiescholl,jemand,wünsche
314,ärgern,karpfen,verdient,arme,schwestern,wären,überhaupt,geschwisterliebe,inge,ichbinsophiescholl,reisevorbereitungen,remilitarisierung,religiös,rektor,rekrutenausbildung,rekonstruierbar,reizen,reist,reiseroute,reinkommt
315,schnee,nacht,lange,getanzt,wackelig,tapfer,frohes,frohesneues,neujahrsspaziergang,mitternacht,ausgehalten,geschlagen,wirkt,saßen,diskutiert,frische,gespielt,vater,silvester,neujahr
316,zuversicht,kapitulieren,gespenstische,neujahr,enden,wald,kriegsende,geschichte,ruhe,geben,deutschland,natur,1943,neue,fast,bald,krieg,ichbinsophiescholl,reizen,remilitarisierung
317,heuhaufen,gisela,verflogen,neujahrszuversicht,raucherinnenpause,anzuzünden,hinterm,krauchenwies,erträglich,feuer,rauchend,aufgepasst,gewünscht,sonniger,ausgetauscht,gemüt,verbotene,normal,echten,mittlerweile
318,jahr,nutze,kalten,verleiten,gesegnetes,stimmen,friedlicheres,kriegsfreies,wiederzusehen,sentimental,grübeln,erleben,schätzen,wenige,weiteres,neujahr,heutzutage,bete,freundinnen,liebsten
319,studentin,fühle,verwandle,studiere,braven,vierte,daheim,stärker,frech,veränderung,fahrt,rollen,tochter,kennt,besonders,gefühl,beiden,manchmal,seit,wohl
320,raucherkarte,rauchen,frauen,25,deutsche,warum,zwei,anhören,komplizin,famose,offensichtlich,gesunder,verbot,nachwuchs,schwanger,kerle,raucherin,unnötig,ja,schwierigkeiten
321,vervielfältiger,papier,einklemmen,kurbeln,bedruckte,bedient,funktioniert,neuer,vervielfältigungsapparat,einlegen,drucken,seiten,fertig,läuft,alten,zweiten,besorgen,unglaublich,brauchen,neue
322,onkel,beschaffen,transportieren,wien,unauffällig,zuversichtlich,idee,besorgen,fährt,neuen,frage,vervielfältiger,traute,vielleicht,widerstand,heute,weißerose,münchen,ichbinsophiescholl,0003
323,adressen,pläne,deshalb,hunderte,landes,tippen,kuriere,neuerung,abschicken,stellen,werfen,zweite,telefonbüchern,nächstes,zuständig,führen,städte,verschiedene,umschläge,stattdessen
324,plakat,künstlerin,eh,kunst,schöne,überhaupt,vorhatte,mühevoll,flächig,jahrelang,verdunklung,vielmehr,kneipe,wahl,dunkelheit,malt,nutzt,zeichner,zeichnerin,mir
325,willi,hans,sowjetunion,tee,freundschaft,glaube,mühe,erlebnisse,gutenmorgen,sein,entschuldigt,zusammenarbeiten,schätzen,begegnen,verabscheut,zeige,einsatz,teilen,mitgenommen,daraus
326,onkel,sonntagmorgen,liegenbleiben,eingeschüchtert,fieber,imbett,unterschätzen,wegducken,fühl,trautes,runde,abwarten,erschöpft,mach,warm,gehts,eins,kopfschmerzen,helfen,ändern
327,erstmal,tür,endgültig,geklingelt,überredungskünste,schreck,getraut,weile,aufgießen,gefruchtet,geheim,kalter,wunderschöne,philologie,aufzumachen,geschlafen,giselaschertling,körper,freundinnen,schnee
328,schnee,freundschaft,gisela,wundervoll,verschneiten,getränk,erschöpfung,bummelnden,hach,innenstadt,heißen,aufwärmen,verfolgen,archivaufnahmen,frische,vorhaben,schweigen,münchener,merke,irgendwo
329,alleingang,aufgegangen,feiertagen,rückschläge,vorbereitungen,scheinen,trautes,positiv,gestimmt,laufen,planen,angekommen,plan,überraschung,gab,besorgen,zweiten,direkt,bringen,schöne
330,grünkohl,gemüse,gisela,gesund,einladen,mägen,verarbeitet,familienrezept,beliebter,anzubandeln,pinkel,bemerkbar,gabs,ausreden,norddeutschland,kohl,rezept,lagen,fröhlich,schwärmt
331,angst,observieren,anmerken,liste,irgendeiner,vermutet,professorhuber,vielleicht,warnen,verbergen,auffällig,gefragt,längst,vorsichtig,fall,gern,studierende,immerhin,stehen,flugblättern
332,arvid,harnack,falk,hingerichtet,wurde,mildred,geschockt,aufgehängt,gefasster,gefoltert,lähmt,vorgehen,erwischen,schwägerin,hinzu,warnung,gedenken,steh,stimmt,grausam
333,münchen,gisela,automatisch,verhalte,fort,beizutragen,philologische,einschreibung,unterhalten,zeige,neuigkeiten,philologie,unauffällig,giselaschertling,philosophische,führt,lichthof,themen,irgendwann,erzählen
334,gisela,vorfühlen,deutliche,ersteigerte,trauen,familie,gespielt,naiv,gehofft,einweihen,entwickelt,meinung,arbeitsdienst,nationalsozialistischen,rolle,nsdap,giselaschertling,stammt,langsam,schwestern
335,schreibmaschine,atelier,matrizen,konsequenz,logische,durchsuchen,einzig,getippt,unterlagen,weiterzumachen,dran,verstecken,hinrichtungen,erkennen,berlin,versteckt,umschläge,allein,ständig,wahrscheinlich
336,studentinnen,müssen,studenten,universität,willi,kinder,giesler,adjutanten,ausgebuht,daseinsberechtigung,470,erlaubt,degradiert,gewehrt,anzubieten,gebärmaschinen,hässlich,besoffen,gauleiter,geraten
337,tarnung,vorlesungen,wer,videosequenzen,besucht,blicken,beobachten,dauernd,stecken,studentinnen,studenten,beste,flugblättern,verbringen,studium,besuchen,gesehen,universität,tage,glauben
338,hamsterin,lebensmittelkarten,hungersnot,durchaus,ausdenken,korb,zuteilungen,verurteilen,vorratskäufen,voll,vorrat,schämen,erhältlich,ausgefallen,menschen,plakate,vieles,zulegen,weltkriegs,einkaufen
339,neue,abgefallen,geknüpft,finalisiert,lockere,bekanntschaften,opfer,wachem,desto,verteilung,brave,druck,stärke,verändern,großer,beobachtet,je,anspannung,nächte,worden
340,uni,gezehrt,langweilige,längere,gewarnt,dicht,verstand,nerven,blicken,folgen,tarnung,ordentlich,vermutet,normal,aufhören,fersen,ablenken,regelmäßig,längst,verhalten
341,flugblatt,leute,freiheit,letzten,sätze,grundlagen,gewaltstaaten,aufrütteln,widerstandsbewegung,kompromisse,bürgers,anschriften,willkür,bekenntnisses,verbrecherischer,unbekannte,abgeschrieben,einzelnen,flugblatts,adressiert
342,sehen,alexanderschorell,homosexueller,sa,hj,appell,angezeigt,drauf,paragraph175,ansprechen,vielleicht,führer,kaserne,vertraut,handlungen,verfolgt,uniform,männer,worden,miteinander
343,brief,angesichts,kampf,verliere,allmählich,schreckens,mutes,hilflosigkeit,vorstelle,versinken,alledem,freut,schrecken,dezember,gezeichnet,guten,schrecklichen,hoffnung,sterben,spürt
344,helden,besuchen,hoffe,ständige,sinnlosen,antwortbrief,berichte,schicke,klingen,heldentod,halte,gleiche,arbeite,bestimmen,dauernd,konzerte,sterben,meinliebster,bete,schlechter
345,flugblätter,alleine,großen,atelier,sicherheitsgründen,werfe,hinfahren,blauem,tübingen,memmingen,bespreche,häufig,mitstreiter,ulm,insgesamt,umsteigen,augsburg,vervielfältigen,nehme,chance
346,gisela,stolpert,eingeweiht,einzuweihen,schien,schlepptau,abzusprechen,sonderlich,gründe,maximal,entschlossen,absprechen,beschlossen,entscheidung,zweit,vertraue,heutzutage,rein,vertrauen,montag
347,passagen,hohes,leserinnen,leser,getrockneten,unwirklich,doppeltem,zeichenabstand,farbe,glücksgefühle,exemplaren,gedruckte,allerersten,worum,rieche,2000,schadet,getippt,markieren,exemplare
348,briefumschläge,kopfschmerzen,dünnhäutig,verschwenden,frustrierend,schrill,klaren,fluglätter,geräusche,verschreibe,beschriften,fürchterlich,schmerzt,telefonbüchern,tagsüber,stapel,nachts,fassen,konzentrieren,stehe
349,minute,stechende,lohnen,hohen,österreich,vervielfältigen,spurlos,schlafe,ruhige,auflage,freie,schweiz,drucken,unterstützt,idee,kopfschmerzen,verteilen,vorbei,verbringen,hilft
350,macht,garten,hügel,herkommen,englischergarten,englischen,schneebedeckten,traumhafte,schneelandschaft,schneetagen,betrachte,runterrutschen,skifahrenden,umweg,menschen,anblick,halte,sehnsucht,schöner,skifahren
351,bruder,beiden,eigentlich,ausgiebigen,strahlebacke,zusammenkommt,ja,zufällig,nervt,guckt,schade,giselaschertling,spaziergang,verabredet,wichtiger,gemerkt,gern,getroffen,vorbei,gehe
352,kondome,abtreibung,frauen,sollen,beiden,arischer,verhütung,puh,nirgendwo,mutterkreuz,fälle,eingesteckt,liebesleben,verhindern,verhüten,unangenehm,gibt,möglichkeiten,sprecht,schwangerschaft
353,frauen,frauenwarte,sollen,muskeln,nichts,unfruchtbar,zeitschriften,unterhaltung,fruchtbar,ehetauglichkeitszeugnis,aufzubauen,durchblättert,heft,stoffbinden,anfangen,auswahl,achten,geschmeidig,harmonisch,gesundheit
354,kommilitonen,flugblatt,kommilitoninnen,studentinnen,meisten,paar,verhöhnte,begeisterungsfähig,tumult,revolutionär,gäste,stellvertretende,klingen,gauleiter,ansprechen,präsentiert,absprechen,feder,klavierkonzert,professorhuber
355,stolz,leute,darüber,wer,manchmal,schon,ungutes,eingelassen,beigeschmack,uns,blättern,weitergegeben,bitteren,hauptsache,aufteilen,erfolg,nachdenken,rätseln,aufgaben,mehrmals
356,alex,atelier,lagerfeuer,vorlesung,einkauf,alexanderschmorell,gefahren,verabredet,verschiedene,aufnahmen,getroffen,freunde,freund,universität,froh,gisela,arbeit,natur,erzählt,uni
357,flugblatt,lauffeuer,gruppen,dahinterstecken,neueste,verbrennen,rätseln,beweismaterial,unerträglich,auffällig,arbeitet,angefangen,regelmäßig,verbreitet,entwurf,anspannung,fürs,kopfschmerzen,läuft,plötzlich
358,brief,fritz,schreibt,leben,fingern,unterschlupf,eisige,solle,offiziersbunker,aufwärmen,rückzug,schließt,kälte,bleibe,erfrierungen,grüßen,befinden,endet,laufen,hoffen
359,panzerschokolade,abhängig,immer,flugblätter,macht,funktionieren,setzt,langeweile,tüte,hungrig,zeug,effizient,handgriffe,müdigkeit,maschine,produktiv,weggeblasen,fantastisches,medizinstudenten,gegessen
360,schwindelig,arbeitsrausch,zustand,gespenstisch,substanzen,durchgearbeitet,chemische,richtiger,produktiver,rausch,wirkung,ernste,abhängig,pervitin,panzerschokolade,methamphetamin,nebenwirkungen,spüre,langsam,anspannung
361,stalino,gerettet,finger,lazarett,geheilt,erfrorene,unendlich,anruf,information,träumen,angerufen,rettung,päckchen,fritz,gemeinsamen,wünschte,gebrauchen,zukunft,kopfschmerzen,dankbar
362,10,lebensmittelkarten,einkaufen,europa,kochen,jahre,gesprungen,ehren,retter,europas,eier,grelle,herrschaft,aufregen,schrift,übrigen,niederlagen,verluste,sprache,sahne
363,niederlage,zeitung,sowjetunion,endlich,kartoffelauflauf,droht,vergeltung,druckfrischen,befanden,widerstandswille,kessel,neuigkeit,sowjetischer,wachrütteln,vieler,neuigkeiten,verluste,aufstehen,rettung,menschenleben
364,geburtstag,zug,angucken,packe,mitbringsel,26,jackentasche,sorgenfrei,erwischt,gewünscht,heute,sicherheit,alter,fahre,idee,besuche,schönes,mann,gedacht,anfang
365,sorgen,macht,empfangen,väterlichen,loslassen,instinkt,größere,alle,sowas,mitgenommen,vater,alter,ahnt,tochter,direkt,tür,froh,irgendwie,lieber,gefühl
366,verletzt,erhöhen,chemischer,ausgeflogen,ahnen,auflage,fahre,unterstützung,lebt,lazarett,geschafft,verbracht,gab,nachricht,liegt,glück,eltern,stalingrad,besser,atelier
367,vater,schweigen,spaziergang,reden,lässt,gemeinsam,gut,sorgen,bald,häufiger,schnapp,entlang,eingebläut,nebensatz,schmierereien,unterkriegen,heitert,wehren,größere,berufsverbot
368,lachen,witz,situation,wann,reingerannt,verharmlosen,humor,klassenkameradin,augenwinkeln,lachtränen,entrahmt,gelaunt,schlagsahne,wischen,aufgedreht,heimliche,bauch,versunken,flüsterwitz,nachdenklich
369,zukunft,liegt,tun,wehmut,gegenüber,schwergefallen,ohnmacht,system,geringeres,hinzuarbeiten,abgeholt,bessere,heraus,zugfahrt,kämpfen,bereit,nationalsozialismus,bahnhof,krieges,abschied
370,katharina,zukunft,verantwortung,tragen,aufrichtige,friede,christl,wobei,name,möge,bewusst,bereit,christophprobst,schöner,reine,herta,gutes,wächst,brüder,23
371,albtraum,geschehen,kopfschmerzen,lieben,traum,aufgereiht,jederzeit,zuschauen,eingeschlafen,starke,schlimme,wohlbehalten,weiß,aufgewacht,schlimmste,erschossen,einschlafen,beruhigt,erwartet,ändern
372,lemberg,fritz,entfernt,braucht,weiße,kommt,lange,würdest,1000km,hinkommen,weggewesen,umsorgt,zeitlupenaufnahme,bangen,herausgeschafft,dazubleiben,1000,schmerzlich,luftlinie,kilometer
373,wände,malen,parolen,kopfschmerzen,eins,lässt,freiheit,sorgen,ärgere,reinkommt,rumstehen,erledigen,ärger,nachtaktion,losgezogen,zwiebelkompressen,zusammenzählen,giselas,hans,selber
374,flugblatt,entstanden,täter,verständlich,radikal,zugleich,äußerst,sechstesflugblatt,sechste,rächt,feinschliff,sühnt,bestraft,verschließen,richtet,übernommen,kommilitonen,bewusst,gefällt,bewegen
375,lemberg,knochen,verlegt,druckfrisch,gedulden,langersehnten,lichtblick,jedoch,herzens,goebbels,einziger,krank,begann,schweren,sorge,dahin,merke,liegen,anspannung,händen
376,nacht,exemplare,letzte,zusammenarbeit,verpacken,münchens,widerstandspläne,hinaus,widerstandskreisen,schmieden,versandfertig,hundert,kühl,berliner,grenzen,erregen,postämtern,gefährliche,gedruckt,einwerfen
377,sollten,familie,fahren,flugblätter,stadtwinter,überraschen,losbekommen,losgeworden,ungesehen,erholen,skiern,hans,wohlbehalten,großes,ordentlich,hütte,euphorisch,skifahren,berge,rest
378,skilaufen,egoistisch,auszeit,kraft,natur,schöpfen,lechtals,beisammensitzen,kriegt,41,zurückfließt,ferien,erholung,verantworten,kostbare,bewegung,oberhalb,dringend,alltag,hütte
379,daran,stalingrad,wohlverdiente,elendig,phase,abstand,gefangen,kleingeredet,angekündigten,wollte,schlafmangel,endlosen,beklommen,schwärmereien,überstanden,kälte,fühl,geliehen,niederlage,goebbels
380,frühling,forellenquintett,lisa,wasser,animation,ganzen,brief,liebe,forelle,schuber,schubert,adantino,klares,entzücken,knospenden,zweige,lasse,bewegten,forellen,kaltes
381,angst,satt,entspannt,blickt,seltsam,wasser,kamera,hans,steht,text,bild,ganz,bildbeschreibung,mehr,ichbinsophiescholl,reisen,renée,reneesintenis,remppis,remilitarisierung
382,flugblatt,morgen,tag,klappen,hauptgebäude,gelände,restlichen,bedacht,auswendig,ausgänge,helllichten,leer,gänge,vorwarnen,falls,ablegen,loswerden,skistiefel,verteilung,richtet
383,vöglein,sicherheit,haft,bringen,wär,hoffe,ichbinsophiescholl,reist,reizen,rekonstruierbar,0003,rekrutenausbildung,reisevorbereitungen,religiös,remilitarisierung,remppis,rektor,reiseroute,renée,reisepläne
384,sophie,scholl,gebel,else,01,fs,per,hauptquartier,hans,gebracht,gestapo,kriminalsekretär,aufgefallen,mitgefangenen,mitgliedschaft,durchsuchung,geopfert,wittelsbacherpalais,elsegebel,zellen
385,scholl,traute,lafrenz,familie,jüngste,münsterplatz,anrufer,februar,1943,aicher,tag,lina,berichtet,verhaftet,ulm,nachdem,los,tage,später,geschwister
386,freisler,christoph,universität,wehrkraftzersetzung,feindbegünstigung,schmid,februar,volksgerichtshof,22,rose,haft,verurteilt,sophie,weiße,wurde,lautet,bl,rechtsmittel,studentenführung,vorbereitung
387,angeklagten,scholl,gnadengesuch,gnadengesuche,eltern,zusammen,erweisen,erlaubnis,unterschrift,glieder,sowohl,freiheitsstrafe,mildern,nützliche,verschickt,umzuwandeln,unsern,volksgemeinschaft,wundersamerweise,möglichkeit
388,verhör,scholl,haltung,dossier,protokollen,verurteilten,sophie,hinrichtung,zweiten,drei,findet,kurz,ersten,weißen,begeistern,unschuld,politische,bildung,hergang,zufolge
389,scholl,hans,1935,gesteht,flugblatt,verhaftung,sophie,uni,gestapo,schnell,orientiert,zeitgleich,runtergestoßen,paragraph,gerufen,homosexuelle,untergebenen,medizinstudiums,sekunden,rechnet
390,christoph,herta,christophs,februar,verhältnis,1943,eltern,stiefmutter,katholisch,vater,innsbruck,weiteren,tochter,beginnt,schmorell,alexander,probst,münchen,text,verkürzen
391,huber,kurt,1943,reinschrift,musikwissenschaft,hinterlassen,27,schweiz,april,wegen,februar,habilitation,militärdienst,summa,gräfelfing,verdoppelt,wirtschaftlichen,papierne,laude,krankheiten
392,anneliese,willi,graf,1943,knoop,schwester,weiße,hinrichtung,trost,12,leben,rose,familie,findet,letzten,liebe,bernhard,erinnerungsarbeit,bereiten,teilt
393,elisabeth,fritz,scholl,hartnagel,tod,reist,gnadengesuch,daraufhin,1944,berlin,stirbt,lazarett,1945,familie,sophie,1943,später,ende,schwester,zulässt
394,scholl,robert,lina,1944,sippenhaft,zuchthaus,april,kriegsende,kommt,ziehen,familie,ulm,1943,ende,inge,jahren,zwei,werner,hierbei,militärregierung
395,schmorell,alexander,1943,graf,lilo,konoz,februar,willi,schmorells,pass,flucht,13,juli,hilfe,18,freund,steht,scholl,gott,nadja
396,traute,lafrenz,scholl,fährt,1943,werner,april,zurück,hamburg,christoph,februar,gestapo,gefängnis,zusammen,tegernsee,usa,verwischen,bodensee,carolina,spät
397,verurteilt,anzeigen,gefängnis,grimminger,hirzel,1916,1924,freundin,rose,zuchthaus,dumme,02,1919,jahren,sogenannten,heinrich,harnack,dr,schutz,eugen
398,gründet,1972,september,1946,otl,inge,rose,ab,später,geschwister,weiße,zusammen,urheber,angabe,1952,besucher,1991,1998,kommunikation,piktogramms
399,leipelt,chemischen,hans,institut,wieland,großmutter,mutter,innen,flugblatt,hamburger,festgenommen,weißen,stirbt,hamburg,rose,universität,wehrmacht,letzte,wurde,instituts
400,deutsche,marburg,rose,weiße,hinrichtung,geschichte,deutschland,1943,200,abwirft,hessisches,ländern,nr,lokalen,gräueltaten,radiosendung,clara,bbc,kreisauer,staatsarchiv
401,rose,weißen,jahren,stiftung,verurteilt,dr,scholl,haft,weiße,wurde,80,widerständigen,flügels,mitwisser,hildegard,zivilcourage,demokratisches,werte,sophie,graf
